Emanuele,  Esposito,  337571626,  emanuele@zuccante.gov.world
Daniel,  Garuti,  3,  daniel@zuccante.gov.world
Alessandro,  Rinaldi,  337571626,  alessandro@zuccante.gov.world
Giulio,  Bellei,  337571626,  giulio@zuccante.gov.world
Gabriele,  Vaccari,  337859325,  gabriele@zuccante.gov.world
Vincenzo,  Messori,  310415414,  vincenzo@zuccante.gov.world
Davide,  Lodi,  328900798,  davide@zuccante.gov.world
Marco,  Ascari,  324619350,  marco@zuccante.gov.world
Lorenzo,  Galli,  344819646,  lorenzo@zuccante.gov.world
Alessio,  Corradini,  322834877,  alessio@zuccante.gov.world
Gabriel,  Piccinini,  310662522,  gabriel.piccini@zuccante.gov.world
Manuel,  Franchini,  345263338,  manuel@zuccante.gov.world
Noah,  Ferrari,  338621804,  noah@zuccante.gov.world
Salvatore,  Sala,  319467447,  salvatore@zuccante.gov.world
Leonardo,  Neri,  341424646,  leonardo@zuccante.gov.world
Andrea,  Piccinini,  322301866,  andrea@zuccante.gov.world
Liam,  Garuti,  313163280,  liam@zuccante.gov.world
Marco,  Messori,  349515406,  messori@zuccante.gov.world
Marco,  Rinaldi,  344384265,  rinaldi@zuccante.gov.world
Leonardo,  Morselli,  328900795,  morselli@zuccante.gov.world
Liam,  Garufi,  1,  liam@zuccante.gov.world
